1,Alexandro Botwright,Vizag,27829,1
2,Zabrina Serrels,Chennai,66926,3
3,Roxane Cutchey,Mumbai,62206,5
4,Griffith Attarge,Vijayawada,32428,6
5,Toby O'Hern,Nagpur,32766,5
6,Daffie Worthy,Mysore,68746,1
7,Ximenez Bothbie,Mumbai,47085,2
8,Milena Kivlin,Rameshwaram,29073,6
9,Rochella Sneesbie,Madurai,29514,1
10,Glynnis Abbotson,Mumbai,60952,2
11,Myrtia Danilchenko,Trichy,82202,6
12,Kit Staining,LucknowTrivandrum,24498,5
13,Jess Slyde,Nagpur,72322,2
14,Jae Tupie,Pune,81180,4
15,Nathanael Rubartelli,Chennai,85206,4
16,Bartie LLelweln,Vizag,88723,4
17,Zita Kenworthy,Mysore,18399,1
18,Randi Wooffitt,Madurai,72337,4
19,Porty Capenor,Pune,83258,6
20,Jan Radoux,Mangalore,50369,4
21,Regen Kornousek,Pondy,21528,3
22,Elise Benadette,Bangalore,63792,2
23,Miguelita Parke,Chennai,23977,1
24,Corri Jolly,Mangalore,53207,6
25,Cherri Bortolotti,Vijayawada,69290,5
26,Ram Joncic,Hyderabad,46511,3
27,Jenifer Basey,Mysore,38470,2
28,Garrick McInnery,Rameshwaram,90006,2
29,Emmet Hutchinges,Mangalore,60996,4
30,Phillipe Sudworth,Dharwad,62396,5
31,Edgard Matton,Pune,43062,3
32,Marian Abreheart,Mysore,38311,2
33,Theressa Shallo,Chennai,62622,6
34,Rani Cracknell,Rameshwaram,35488,2
35,Benedikta Tithecote,Nagpur,64903,2
36,Loraine Matczak,Bangalore,75137,6
37,Brinn Frugier,Hyderabad,15323,5
38,Orsola Greschik,Hyderabad,79450,2
39,Lorinda Henmarsh,Bangalore,90552,6
40,Jehanna Moulsdale,Pondy,37107,5
41,Chanda Denisovich,Madurai,92038,6
42,Chantalle Marran,Pune,25527,4
43,Royce Finlason,Rameshwaram,98016,4
44,Sylas M'Quharg,Mysore,40861,3
45,Kailey Keating,Pune,31188,1
46,Baudoin Wittman,Mangalore,92981,2
47,Gabriell Madison,Kochi,15639,4
48,Ewen Imison,Chennai,30865,3
49,Kellby Crofthwaite,Pune,23896,1
50,Augustine Titherington,Pune,42917,5
51,Addy Favell,Hyderabad,85012,2
52,Taite Guiot,Madurai,63954,1
53,Nathalia Louth,Trichy,90981,3
54,Novelia Pesik,Bangalore,61232,2
55,Poul Sanja,Nagpur,18361,3
56,Nissy Ellul,Vizag,63737,5
57,Ortensia Flintoff,Vijayawada,26361,2
58,Rafaelita Lemasney,LucknowTrivandrum,92852,5
59,Carrie Wharby,Chennai,90287,6
60,Gisela Grigoriscu,Chennai,54802,6
61,Corbin Grzesiewicz,Hyderabad,30082,5
62,Dara Holberry,Nagpur,16636,6
63,Kori Coppledike,Mysore,62191,2
64,Pietra Storcke,Pondy,78471,4
65,Rolfe Craighead,Trichy,83114,4
66,Padriac Stanyer,Mysore,71232,4
67,Wallas Power,Nagpur,84338,2
68,Ashia Wetherick,Rameshwaram,31639,2
69,Dennie Richardson,Chennai,51021,5
70,Anthony Hruska,Bangalore,97197,6
71,Veriee Swinley,Rameshwaram,78317,4
72,Mindy Sowerby,Vijayawada,45353,4
73,Kalie Mumford,Chennai,97945,2
74,Sarene Dodgshon,Kochi,59676,2
75,Bride Grimbaldeston,Hyderabad,34943,2
76,Guy Ortell,Nagpur,61492,4
77,Donica Pinckney,Madurai,65725,6
78,Clement Haquin,Bangalore,40574,5
79,Katinka Charlin,Trichy,17282,3
80,Gilly Greeding,Madurai,59879,5
81,Adelaida Revelle,Rameshwaram,71022,6
82,Ortensia MacCarroll,Hyderabad,43040,1
83,Concettina Cregan,Rameshwaram,25700,2
84,Davida Milham,Dharwad,86303,4
85,Garret Castleman,Trichy,81896,5
86,Alexina McLoughlin,Nagpur,64917,1
87,Renell Bantham,LucknowTrivandrum,18996,6
88,Marcile Hammett,Chennai,81124,3
89,Catharine Gehrts,Pondy,56196,1
90,Sascha Hayball,Chennai,19591,5
91,Tami Stiebler,Pondy,74484,6
92,Anica Massei,LucknowTrivandrum,38784,6
93,Kory Yockney,Rameshwaram,19751,3
94,Dona Treffrey,Mangalore,53979,6
95,Tuckie Wolpert,LucknowTrivandrum,83372,3
96,Jock Shaudfurth,Mumbai,70985,6
97,Lewiss Threadgall,Rameshwaram,89891,3
98,Alfreda Songist,LucknowTrivandrum,54104,6
99,Charmane Winney,Mysore,53389,1
100,Taffy Fazan,Madurai,88084,5